[{
  "e_deviceid": "5a778", 
  "e_model": "samsung j7", 
  "e_category": "equipmentSM-922", 
  "e_brand": "samsung", 
  "e_description": "add new equipmentOM-130006A/K,keyboard", 
  "e_stock": 8, 
  "e_stockleft": 2, 
  "e_type": "delux", 
  "e_status": 2, 
  "room_id": 10,
  "rm_name": "room 305", 
  "rm_date_added": "2016-11-17 20:52:56", 
  "rm_status": 1
},
{
  "e_deviceid": "5c779", 
  "e_model": "lava q8", 
  "e_category": "toSM-922quantity", 
  "e_brand": "lava", 
  "e_description": "add new equipment58E510 , TV", 
  "e_stock": 9, 
  "e_stockleft": 1, 
  "e_type": "non-delux", 
  "e_status": 1, 
  "room_id": 11,
  "rm_name": "room 306", 
  "rm_date_added": "2016-11-17 20:53:20", 
  "rm_status": 1
}]