{
  "id": 1, 
  "reservation_code": "0217201706314310", 
  "member_id": 7, 
  "item_id": 100, 
  "stock_id": 22, 
  "room_id": 401, 
  "reserve_date": "0000:00:00 00:00:00", 
  "reservation_time": "2020:05:12 05:40:50", 
  "time_limit": "2020-05-12 05:40:50", 
  "assign_room": 10, 
  "status":1, 
  "remarks": "No", 
  "r_date": "2020-05-12 05:40:50", 
  "id": 22, 
  "item_id": 24, 
  "room_id": 14, 
  "items_stock": 59, 
  "item_status": 1, 
  "status": 1, 
  "id": 24, 
  "i_deviceID": "---", 
  "i_model": "OM-130006A/K", 
  "i_category": "Keyboard", 
  "i_brand": "Acer", 
  "i_description": "Slim Compact Keyboard, Black USB Wired, 98 Keys", 
  "i_type": "Consumable", 
  "item_rawstock": 60, 
  "i_status": 1, 
  "i_mr": "Sir Cadagat", 
  "i_price": 250.00, 
  "i_photo": "1487647684.png", 
  "id": 7, 
  "m_school_id": "21300073", 
  "m_fname": "Gino", 
  "m_lname": "Almedo", 
  "m_gender": "Male", 
  "m_contact": "09502786543", 
  "m_department": "BSIS", 
  "m_year_section": "1st-A", 
  "m_type": "Student", 
  "m_password": "", 
  "m_status": 1, 
  "id": 10, 
  "rm_name": "room 305", 
  "rm_date_added": "2016-11-17 20:52:56", 
  "rm_status": 1, 
  "item_borrow": "---- - Keyboard<br/>"
}