[{
 "id": 8, 
 "date_borrow": "2017-02-21 11:48:49", 
 "borrowcode": "22120170448491", 
 "member_id": 4, 
 "item_id": 17, 
 "stock_id": 20, 
 "user_id": 1, 
 "room_assigned": 7, 
 "status": 1, 
 "time_limit": "0000-00-00 00:00:00", 
 "date_return": "", 
 "id": 20, 
 "item_id": 17, 
 "room_id": 14, 
 "items_stock": 15, 
 "item_status": 1, 
 "status": 1, 
 "id": 17, 
 "i_deviceID": "4103500582", 
 "i_model": "---", 
 "i_category": "AVR", 
 "i_brand": "Monster", 
 "i_description": "220v, black", 
 "i_type": "Consumable", 
 "item_rawstock": 16, 
 "i_status": 1, 
 "i_mr": "Sir Cadagat", 
 "i_price": 1500.00, 
 "i_photo": "1487647220.jp", 
 "id": 4, 
 "m_school_id": "21300156", 
 "m_fname": "Jedha", 
 "m_lname": "Dela Cruz", 
 "m_gender": "Female", 
 "m_contact": "9051467843", 
 "m_department": "BSED", 
 "m_year_section": "2nd-A", 
 "m_type": "Student", 
 "m_password": "", 
 "m_status": 1, 
 "id": 1, 
 "rm_name": "Room 302", 
 "rm_date_added": "2016-11-17 20:51:54", 
 "rm_status": 1, 
 "item_borrow": "4103500582 - AVR<br/>"
},
{
 "id": 9, 
 "date_borrow": "2017-02-21 11:50:40", 
 "borrowcode": "22120170450401", 
 "member_id": 10, 
 "item_id": 18, 
 "stock_id": 21, 
 "user_id": 1, 
 "room_assigned": 7, 
 "status": 1, 
 "time_limit": "0000-00-00 00:00:00", 
 "date_return": "", 
 "id": 21, 
 "item_id": 18, 
 "room_id": 14, 
 "items_stock": 2, 
 "item_status": 1, 
 "status": 1, 
 "id": 18, 
 "i_deviceID": "---", 
 "i_model": "H328C", 
 "i_category": "Projector", 
 "i_brand": "Epson", 
 "i_description": "White", 
 "i_type": "Consumable", 
 "item_rawstock": 3, 
 "i_status": 1, 
 "i_mr": "Sir Cadagat", 
 "i_price": 2500.00, 
 "i_photo": "1487647452.jpg", 
 "id": 10, 
 "m_school_id": "10002", 
 "m_fname": "Marilyn", 
 "m_lname": "Sepeda", 
 "m_gender": "Female", 
 "m_contact": "09051148373", 
 "m_department": "SAS", 
 "m_year_section": "-", 
 "m_type": "Faculty", 
 "m_password": "", 
 "m_status": 1, 
 "id": 1, 
 "rm_name": "Room 302", 
 "rm_date_added": "2016-11-17 20:51:54", 
 "rm_status": 1, 
 "item_borrow": "---- - Projector<br/>"
}]
