[{
  "id": 18, 
  "item_id": 16, 
  "room_id": 14, 
  "items_stock": 9, 
  "item_status": 1, 
  "status": 1,
  "i_deviceID": "2009991", 
  "i_model": "SM-9221", 
  "i_category": "Mouse", 
  "i_brand": "Acer", 
  "i_description": "Black", 
  "i_type": "Consumable", 
  "item_rawstock": 13, 
  "i_status": 1, 
  "i_mr": "Sir Cadagat", 
  "i_price": 599.00, 
  "i_photo": "1487646917.jpg",
  "rm_name": "room 313", 
  "rm_date_added": "2016-11-16 21:21:42", 
  "rm_status": 1
},
{
  "id": 18, 
  "item_id": 16, 
  "room_id": 14, 
  "items_stock": 9, 
  "item_status": 1, 
  "status": 1,
  "i_deviceID": "2009991", 
  "i_model": "SM-9221", 
  "i_category": "Mouse", 
  "i_brand": "Acer", 
  "i_description": "Black", 
  "i_type": "Consumable", 
  "item_rawstock": 13, 
  "i_status": 1, 
  "i_mr": "Sir Cadagat", 
  "i_price": 599.00, 
  "i_photo": "1487646917.jpg",
  "rm_name": "room 313", 
  "rm_date_added": "2016-11-16 21:21:42", 
  "rm_status": 1
},
{
  "id": 18, 
  "item_id": 16, 
  "room_id": 14, 
  "items_stock": 9, 
  "item_status": 1, 
  "status": 1,
  "i_deviceID": "2009991", 
  "i_model": "SM-9221", 
  "i_category": "Mouse", 
  "i_brand": "Acer", 
  "i_description": "Black", 
  "i_type": "Consumable", 
  "item_rawstock": 13, 
  "i_status": 1, 
  "i_mr": "Sir Cadagat", 
  "i_price": 599.00, 
  "i_photo": "1487646917.jpg",
  "rm_name": "room 313", 
  "rm_date_added": "2016-11-16 21:21:42", 
  "rm_status": 1
}]