 [{
    "id": 1,
    "m_school_id": 21200122,
    "m_fname": "John",
    "m_lname": "Doe",
    "m_gender": "Male",
    "m_contact": "9124599887",
    "m_department": "BSIS",
    "m_year_section": "1st-A",
    "m_type": "Student",
    "m_password": "",
    "m_status": 1
  },
  {
    "id": 2,
    "m_school_id": 21200122,
    "m_fname": "Jeda",
    "m_lname": "Dela cruz",
    "m_gender": "FeMale",
    "m_contact": "9124599887",
    "m_department": "BSED",
    "m_year_section": "2nd-A",
    "m_type": "Student",
    "m_password": "",
    "m_status": 1
  },
  {
    "id": 3,
    "m_school_id": 21200122,
    "m_fname": "Shane",
    "m_lname": "Ramos",
    "m_gender": "FeMale",
    "m_contact": "9124599887",
    "m_department": "BSCE",
    "m_year_section": "1st-A",
    "m_type": "Student",
    "m_password": "",
    "m_status": 1
  }
  ]
