[{
  "id": 1, 
  "date_borrow": "2017-02-21 11:12:17", 
  "borrowcode": "22120170412171", 
  "member_id": 7, 
  "item_id": 16, 
  "stock_id": 18, 
  "user_id": 1, 
  "room_assigned": 8, 
  "status": 2, 
  "time_limit": "22120170412171", 
  "date_return": "2017-02-21 04:12:47", 
  "id": 18, 
  "item_id": 16, 
  "room_id": 14, 
  "items_stock": 9, 
  "item_status": 1, 
  "status": 1, 
  "id": 16, 
  "i_deviceID": "2009991", 
  "i_model": "SM-9211", 
  "i_category": "Mouse", 
  "i_brand": "Acer", 
  "i_description": "Black", 
  "i_type": "Consumable", 
  "item_rawstock": 13, 
  "i_status": 1, 
  "i_mr": "Sir Cadagat", 
  "i_price": 599.00, 
  "i_photo": "1487646917.jpg", 
  "id": 1, 
  "m_school_id": "21300073", 
  "m_fname": "Gino", 
  "m_lname": "Almedo", 
  "m_gender": "Male", 
  "m_contact": "09502786543", 
  "m_department": "BSIS", 
  "m_year_section": "1st-A", 
  "m_type": "studernt", 
  "m_password": "", 
  "m_status": 1, 
  "id": 8, 
  "rm_name": "room 303", 
  "rm_date_added": "2016-11-17 20:52:04", 
  "rm_status": 1, 
  "statusb": 2
},
{
  "id": 3, 
  "date_borrow": "2017-02-21 11:37:01", 
  "borrowcode": "22120170437011", 
  "member_id": 7, 
  "item_id": 26, 
  "stock_id": 24, 
  "user_id": 1, 
  "room_assigned": 4, 
  "status": 2, 
  "time_limit": "2020-05-08 05:40:20", 
  "date_return": "2017-02-21 04:48:31", 
  "id": "", 
  "item_id": "", 
  "room_id": "", 
  "items_stock": "", 
  "item_status": "", 
  "status": "", 
  "id": "", 
  "i_deviceID": "", 
  "i_model": "", 
  "i_category": "", 
  "i_brand": "", 
  "i_description": "", 
  "i_type": "", 
  "item_rawstock": "", 
  "i_status": "", 
  "i_mr": "", 
  "i_price": "", 
  "i_photo": "", 
  "id": 7, 
  "m_school_id": "21300073", 
  "m_fname": "Gino", 
  "m_lname": "Almedo", 
  "m_gender": "Male", 
  "m_contact": "09502786543", 
  "m_department": "BSIS", 
  "m_year_section": "1st-A", 
  "m_type": "studernt", 
  "m_password": "", 
  "m_status": 1, 
  "id": 4, 
  "rm_name": "room 313", 
  "rm_date_added": "2016-11-17 18:45:03", 
  "rm_status": 1, 
  "statusb": 2
}]