{
  "id": 2, 
  "reservation_code": 512, 
  "member_id": 9, 
  "item_id": 200, 
  "stock_id": 20, 
  "room_id": 202, 
  "reserve_date": "0000:00:00 00:00:00", 
  "reservation_time": "2020:04:10 04:40:50", 
  "time_limit": "2020-04-10 04:40:50", 
  "assign_room": 14, 
  "status": 2,  
  "remarks": "No", 
  "r_date": "2020-04-10 04:40:50", 
  "id": 20, 
  "item_id": 17, 
  "room_id": 14, 
  "items_stock": 15, 
  "item_status": 1, 
  "status": 1, 
  "id": 17, 
  "i_deviceID": "4103500582", 
  "i_model": "---", 
  "i_category": "AVR", 
  "i_brand": "Monster", 
  "i_description": "220v,Black", 
  "i_type": "Consumable", 
  "item_rawstock": 16, 
  "i_status": 1, 
  "i_mr": "Sir Cadagat", 
  "i_price": "1500.00", 
  "i_photo": "1487647220.jp", 
  "id": 9, 
  "m_school_id": 1001, 
  "m_fname": "Sarah", 
  "m_lname": "Tamayo", 
  "m_gender": "Female", 
  "m_contact": "09488098768", 
  "m_department": "COED", 
  "m_year_section": "", 
  "m_type": "Faculty", 
  "m_password": "", 
  "m_status": 14, 
  "id": 1,  
  "rm_name": "room 310", 
  "rm_date_added": "2017-01-08 13:17:18",
  "rm_status": 1, 
  "id": "", 
  "reservation_code": "", 
  "remark": "", 
  "res_status": "", 
  "stat": 2, 
  "item_borrow": "4103500582 - AVR<br/>"
}