{
  "id": 2, 
  "reservation_code": 512, 
  "member_id": 4662, 
  "item_id": 200, 
  "stock_id": 222, 
  "room_id": 202, 
  "reserve_date": "0000:00:00 00:00:00", 
  "reservation_time": "2020:04:10 04:40:50", 
  "time_limit": "2020-04-10 04:40:50", 
  "assign_room": 202, 
  "status": 2,
  ":remarks": "No", 
  "r_date": "2020-04-10 04:40:50", 
  "id": "", 
  "item_id": "",
  "room_id": "", 
  "items_stock": "", 
  "item_status": "", 
  "status": "", 
  "id": "", 
  "i_deviceID": "", 
  "i_model": "", 
  "i_category": "", 
  "i_brand": "", 
  "i_description": "", 
  "i_type": "", 
  "item_rawstock": "", 
  "i_status": "", 
  "i_mr": "",
  "i_price": "", 
  "i_photo": "", 
  "id": "", 
  "m_school_id": "", 
  "m_fname": "", 
  "m_lname": "", 
  "m_gender": "", 
  "m_contact": "", 
  "m_department": "", 
  "m_year_section": "",
  "m_type": "", 
  "m_password": "", 
  "m_status": "", 
  "id": "", 
  "rm_name": "", 
  "rm_date_added": "", 
  "rm_status": "", 
  "item_borrow": ""
}