[{
  "id": 16, 
  "i_deviceID": "2009991", 
  "i_model": "SM-9221", 
  "i_category": "Mouse", 
  "i_brand": "Acer", 
  "i_description": "Black", 
  "i_type": "Consumable", 
  "item_rawstock": 13, 
  "i_status": 1, 
  "i_mr": "Sir Cadagat", 
  "i_price": 599.00, 
  "i_photo": "1487646917.jpg", 
  "borrowCount": 1
},
{
  "id": 17, 
  "i_deviceID": "4103500582", 
  "i_model": "---", 
  "i_category": "AVR", 
  "i_brand": "Monster", 
  "i_description": "220v, black", 
  "i_type": "Consumable", 
  "item_rawstock": 16, 
  "i_status": 1, 
  "i_mr": "Sir Cadagat", 
  "i_price": 1500.00, 
  "i_photo": "1487647220.jp", 
  "borrowCount": 1
},
{
  "id": 18, 
  "i_deviceID": "---", 
  "i_model": "H328C", 
  "i_category": "Projector", 
  "i_brand": "Epson", 
  "i_description": "White", 
  "i_type": "Consumable", 
  "item_rawstock": 16, 
  "i_status": 1, 
  "i_mr": "Sir Cadagat", 
  "i_price": 1500.00, 
  "i_photo": "1487647452.jpg", 
  "borrowCount": 1
}]