[{
  "id": 20, 
  "item_id": 17, 
  "room_id": 14, 
  "items_stock": 15, 
  "item_status": 1, 
  "status": 1, 
  "id": 1, 
  "i_deviceID": "4103500582", 
  "i_model": "---", 
  "i_category": "AVR", 
  "i_brand": "Monster", 
  "i_description": "'220v, black'", 
  "i_type": "Consumable", 
  "item_rawstock": 16, 
  "i_status": 1, 
  "i_mr": "Sir Cadagat", 
  "i_price": 599.00, 
  "i_photo": "1487647220.jp"
},
{
  "id": 21, 
  "item_id": 17, 
  "room_id": 14, 
  "items_stock": 59, 
  "item_status": 1, 
  "status": 1, 
  "id": 1, 
  "i_deviceID": "4103500582", 
  "i_model": "---", 
  "i_category": "AVR", 
  "i_brand": "Monster", 
  "i_description": "'220v, black'", 
  "i_type": "Consumable", 
  "item_rawstock": 16, 
  "i_status": 1, 
  "i_mr": "Sir Cadagat", 
  "i_price": 599.00, 
  "i_photo": "1487647220.jp"
},
{
  "id": 22, 
  "item_id": 17, 
  "room_id": 14, 
  "items_stock": 11, 
  "item_status": 1, 
  "status": 1, 
  "id": 1, 
  "i_deviceID": "4103500582", 
  "i_model": "---", 
  "i_category": "AVR", 
  "i_brand": "Monster", 
  "i_description": "'220v, black'", 
  "i_type": "Consumable", 
  "item_rawstock": 16, 
  "i_status": 1, 
  "i_mr": "Sir Cadagat", 
  "i_price": 599.00, 
  "i_photo": "1487647220.jp"
}]